UTCGregorian,VisibleSatellites,PDOP
01 Jan 2026 00:00:00.000,0,
01 Jan 2026 00:01:00.000,0,
01 Jan 2026 00:02:00.000,0,
01 Jan 2026 00:03:00.000,0,
01 Jan 2026 00:04:00.000,0,
01 Jan 2026 00:05:00.000,0,
01 Jan 2026 00:06:00.000,0,
01 Jan 2026 00:07:00.000,0,
01 Jan 2026 00:08:00.000,0,
01 Jan 2026 00:09:00.000,0,
01 Jan 2026 00:10:00.000,0,
01 Jan 2026 00:11:00.000,0,
01 Jan 2026 00:12:00.000,0,
01 Jan 2026 00:13:00.000,0,
01 Jan 2026 00:14:00.000,0,
01 Jan 2026 00:15:00.000,0,
01 Jan 2026 00:16:00.000,0,
01 Jan 2026 00:17:00.000,0,
01 Jan 2026 00:18:00.000,0,
01 Jan 2026 00:19:00.000,0,
01 Jan 2026 00:20:00.000,0,
01 Jan 2026 00:21:00.000,0,
01 Jan 2026 00:22:00.000,0,
01 Jan 2026 00:23:00.000,0,
01 Jan 2026 00:24:00.000,0,
01 Jan 2026 00:25:00.000,0,
01 Jan 2026 00:26:00.000,0,
01 Jan 2026 00:27:00.000,0,
01 Jan 2026 00:28:00.000,0,
01 Jan 2026 00:29:00.000,0,
01 Jan 2026 00:30:00.000,0,
01 Jan 2026 00:31:00.000,0,
01 Jan 2026 00:32:00.000,0,
01 Jan 2026 00:33:00.000,0,
01 Jan 2026 00:34:00.000,0,
01 Jan 2026 00:35:00.000,0,
01 Jan 2026 00:36:00.000,0,
01 Jan 2026 00:37:00.000,0,
01 Jan 2026 00:38:00.000,0,
01 Jan 2026 00:39:00.000,0,
01 Jan 2026 00:40:00.000,0,
01 Jan 2026 00:41:00.000,0,
01 Jan 2026 00:42:00.000,0,
01 Jan 2026 00:43:00.000,0,
01 Jan 2026 00:44:00.000,0,
01 Jan 2026 00:45:00.000,0,
01 Jan 2026 00:46:00.000,0,
01 Jan 2026 00:47:00.000,0,
01 Jan 2026 00:48:00.000,0,
01 Jan 2026 00:49:00.000,0,
01 Jan 2026 00:50:00.000,0,
01 Jan 2026 00:51:00.000,0,
01 Jan 2026 00:52:00.000,0,
01 Jan 2026 00:53:00.000,0,
01 Jan 2026 00:54:00.000,0,
01 Jan 2026 00:55:00.000,0,
01 Jan 2026 00:56:00.000,0,
01 Jan 2026 00:57:00.000,0,
01 Jan 2026 00:58:00.000,0,
01 Jan 2026 00:59:00.000,0,
01 Jan 2026 01:00:00.000,0,
01 Jan 2026 01:01:00.000,0,
01 Jan 2026 01:02:00.000,0,
01 Jan 2026 01:03:00.000,0,
01 Jan 2026 01:04:00.000,0,
01 Jan 2026 01:05:00.000,0,
01 Jan 2026 01:06:00.000,0,
01 Jan 2026 01:07:00.000,0,
01 Jan 2026 01:08:00.000,0,
01 Jan 2026 01:09:00.000,0,
01 Jan 2026 01:10:00.000,0,
01 Jan 2026 01:11:00.000,0,
01 Jan 2026 01:12:00.000,0,
01 Jan 2026 01:13:00.000,0,
01 Jan 2026 01:14:00.000,0,
01 Jan 2026 01:15:00.000,0,
01 Jan 2026 01:16:00.000,0,
01 Jan 2026 01:17:00.000,0,
01 Jan 2026 01:18:00.000,0,
01 Jan 2026 01:19:00.000,0,
01 Jan 2026 01:20:00.000,0,
01 Jan 2026 01:21:00.000,0,
01 Jan 2026 01:22:00.000,0,
01 Jan 2026 01:23:00.000,0,
01 Jan 2026 01:24:00.000,0,
01 Jan 2026 01:25:00.000,0,
01 Jan 2026 01:26:00.000,0,
01 Jan 2026 01:27:00.000,0,
01 Jan 2026 01:28:00.000,0,
01 Jan 2026 01:29:00.000,0,
01 Jan 2026 01:30:00.000,0,
01 Jan 2026 01:31:00.000,0,
01 Jan 2026 01:32:00.000,0,
01 Jan 2026 01:33:00.000,0,
01 Jan 2026 01:34:00.000,0,
01 Jan 2026 01:35:00.000,0,
01 Jan 2026 01:36:00.000,0,
01 Jan 2026 01:37:00.000,0,
01 Jan 2026 01:38:00.000,0,
01 Jan 2026 01:39:00.000,0,
01 Jan 2026 01:40:00.000,0,
01 Jan 2026 01:41:00.000,0,
01 Jan 2026 01:42:00.000,0,
01 Jan 2026 01:43:00.000,0,
01 Jan 2026 01:44:00.000,0,
01 Jan 2026 01:45:00.000,0,
01 Jan 2026 01:46:00.000,0,
01 Jan 2026 01:47:00.000,0,
01 Jan 2026 01:48:00.000,0,
01 Jan 2026 01:49:00.000,0,
01 Jan 2026 01:50:00.000,0,
01 Jan 2026 01:51:00.000,0,
01 Jan 2026 01:52:00.000,0,
01 Jan 2026 01:53:00.000,0,
01 Jan 2026 01:54:00.000,0,
01 Jan 2026 01:55:00.000,0,
01 Jan 2026 01:56:00.000,0,
01 Jan 2026 01:57:00.000,0,
01 Jan 2026 01:58:00.000,0,
01 Jan 2026 01:59:00.000,0,
01 Jan 2026 02:00:00.000,0,
01 Jan 2026 02:01:00.000,0,
01 Jan 2026 02:02:00.000,0,
01 Jan 2026 02:03:00.000,0,
01 Jan 2026 02:04:00.000,0,
01 Jan 2026 02:05:00.000,0,
01 Jan 2026 02:06:00.000,0,
01 Jan 2026 02:07:00.000,0,
01 Jan 2026 02:08:00.000,0,
01 Jan 2026 02:09:00.000,0,
01 Jan 2026 02:10:00.000,0,
01 Jan 2026 02:11:00.000,0,
01 Jan 2026 02:12:00.000,0,
01 Jan 2026 02:13:00.000,0,
01 Jan 2026 02:14:00.000,0,
01 Jan 2026 02:15:00.000,0,
01 Jan 2026 02:16:00.000,0,
01 Jan 2026 02:17:00.000,0,
01 Jan 2026 02:18:00.000,0,
01 Jan 2026 02:19:00.000,0,
01 Jan 2026 02:20:00.000,0,
01 Jan 2026 02:21:00.000,0,
01 Jan 2026 02:22:00.000,0,
01 Jan 2026 02:23:00.000,0,
01 Jan 2026 02:24:00.000,0,
01 Jan 2026 02:25:00.000,0,
01 Jan 2026 02:26:00.000,0,
01 Jan 2026 02:27:00.000,0,
01 Jan 2026 02:28:00.000,0,
01 Jan 2026 02:29:00.000,0,
01 Jan 2026 02:30:00.000,0,
01 Jan 2026 02:31:00.000,0,
01 Jan 2026 02:32:00.000,0,
01 Jan 2026 02:33:00.000,0,
01 Jan 2026 02:34:00.000,0,
01 Jan 2026 02:35:00.000,0,
01 Jan 2026 02:36:00.000,0,
01 Jan 2026 02:37:00.000,0,
01 Jan 2026 02:38:00.000,0,
01 Jan 2026 02:39:00.000,0,
01 Jan 2026 02:40:00.000,0,
01 Jan 2026 02:41:00.000,0,
01 Jan 2026 02:42:00.000,0,
01 Jan 2026 02:43:00.000,0,
01 Jan 2026 02:44:00.000,0,
01 Jan 2026 02:45:00.000,0,
01 Jan 2026 02:46:00.000,0,
01 Jan 2026 02:47:00.000,0,
01 Jan 2026 02:48:00.000,0,
01 Jan 2026 02:49:00.000,0,
01 Jan 2026 02:50:00.000,0,
01 Jan 2026 02:51:00.000,0,
01 Jan 2026 02:52:00.000,0,
01 Jan 2026 02:53:00.000,0,
01 Jan 2026 02:54:00.000,0,
01 Jan 2026 02:55:00.000,0,
01 Jan 2026 02:56:00.000,0,
01 Jan 2026 02:57:00.000,0,
01 Jan 2026 02:58:00.000,0,
01 Jan 2026 02:59:00.000,0,
01 Jan 2026 03:00:00.000,0,
01 Jan 2026 03:01:00.000,0,
01 Jan 2026 03:02:00.000,0,
01 Jan 2026 03:03:00.000,0,
01 Jan 2026 03:04:00.000,0,
01 Jan 2026 03:05:00.000,0,
01 Jan 2026 03:06:00.000,0,
01 Jan 2026 03:07:00.000,0,
01 Jan 2026 03:08:00.000,0,
01 Jan 2026 03:09:00.000,0,
01 Jan 2026 03:10:00.000,0,
01 Jan 2026 03:11:00.000,0,
01 Jan 2026 03:12:00.000,0,
01 Jan 2026 03:13:00.000,0,
01 Jan 2026 03:14:00.000,0,
01 Jan 2026 03:15:00.000,0,
01 Jan 2026 03:16:00.000,0,
01 Jan 2026 03:17:00.000,1,
01 Jan 2026 03:18:00.000,1,
01 Jan 2026 03:19:00.000,1,
01 Jan 2026 03:20:00.000,1,
01 Jan 2026 03:21:00.000,1,
01 Jan 2026 03:22:00.000,1,
01 Jan 2026 03:23:00.000,1,
01 Jan 2026 03:24:00.000,1,
01 Jan 2026 03:25:00.000,1,
01 Jan 2026 03:26:00.000,1,
01 Jan 2026 03:27:00.000,1,
01 Jan 2026 03:28:00.000,1,
01 Jan 2026 03:29:00.000,1,
01 Jan 2026 03:30:00.000,1,
01 Jan 2026 03:31:00.000,1,
01 Jan 2026 03:32:00.000,1,
01 Jan 2026 03:33:00.000,1,
01 Jan 2026 03:34:00.000,1,
01 Jan 2026 03:35:00.000,1,
01 Jan 2026 03:36:00.000,1,
01 Jan 2026 03:37:00.000,1,
01 Jan 2026 03:38:00.000,1,
01 Jan 2026 03:39:00.000,1,
01 Jan 2026 03:40:00.000,1,
01 Jan 2026 03:41:00.000,1,
01 Jan 2026 03:42:00.000,1,
01 Jan 2026 03:43:00.000,1,
01 Jan 2026 03:44:00.000,1,
01 Jan 2026 03:45:00.000,1,
01 Jan 2026 03:46:00.000,1,
01 Jan 2026 03:47:00.000,1,
01 Jan 2026 03:48:00.000,1,
01 Jan 2026 03:49:00.000,1,
01 Jan 2026 03:50:00.000,1,
01 Jan 2026 03:51:00.000,1,
01 Jan 2026 03:52:00.000,1,
01 Jan 2026 03:53:00.000,1,
01 Jan 2026 03:54:00.000,1,
01 Jan 2026 03:55:00.000,1,
01 Jan 2026 03:56:00.000,1,
01 Jan 2026 03:57:00.000,1,
01 Jan 2026 03:58:00.000,1,
01 Jan 2026 03:59:00.000,1,
01 Jan 2026 04:00:00.000,1,
01 Jan 2026 04:01:00.000,1,
01 Jan 2026 04:02:00.000,1,
01 Jan 2026 04:03:00.000,1,
01 Jan 2026 04:04:00.000,1,
01 Jan 2026 04:05:00.000,1,
01 Jan 2026 04:06:00.000,1,
01 Jan 2026 04:07:00.000,1,
01 Jan 2026 04:08:00.000,1,
01 Jan 2026 04:09:00.000,1,
01 Jan 2026 04:10:00.000,1,
01 Jan 2026 04:11:00.000,1,
01 Jan 2026 04:12:00.000,1,
01 Jan 2026 04:13:00.000,1,
01 Jan 2026 04:14:00.000,1,
01 Jan 2026 04:15:00.000,1,
01 Jan 2026 04:16:00.000,1,
01 Jan 2026 04:17:00.000,1,
01 Jan 2026 04:18:00.000,1,
01 Jan 2026 04:19:00.000,1,
01 Jan 2026 04:20:00.000,1,
01 Jan 2026 04:21:00.000,1,
01 Jan 2026 04:22:00.000,1,
01 Jan 2026 04:23:00.000,1,
01 Jan 2026 04:24:00.000,1,
01 Jan 2026 04:25:00.000,1,
01 Jan 2026 04:26:00.000,1,
01 Jan 2026 04:27:00.000,1,
01 Jan 2026 04:28:00.000,1,
01 Jan 2026 04:29:00.000,1,
01 Jan 2026 04:30:00.000,1,
01 Jan 2026 04:31:00.000,1,
01 Jan 2026 04:32:00.000,1,
01 Jan 2026 04:33:00.000,1,
01 Jan 2026 04:34:00.000,1,
01 Jan 2026 04:35:00.000,1,
01 Jan 2026 04:36:00.000,1,
01 Jan 2026 04:37:00.000,1,
01 Jan 2026 04:38:00.000,1,
01 Jan 2026 04:39:00.000,1,
01 Jan 2026 04:40:00.000,1,
01 Jan 2026 04:41:00.000,1,
01 Jan 2026 04:42:00.000,1,
01 Jan 2026 04:43:00.000,1,
01 Jan 2026 04:44:00.000,1,
01 Jan 2026 04:45:00.000,1,
01 Jan 2026 04:46:00.000,1,
01 Jan 2026 04:47:00.000,1,
01 Jan 2026 04:48:00.000,1,
01 Jan 2026 04:49:00.000,1,
01 Jan 2026 04:50:00.000,1,
01 Jan 2026 04:51:00.000,1,
01 Jan 2026 04:52:00.000,1,
01 Jan 2026 04:53:00.000,1,
01 Jan 2026 04:54:00.000,1,
01 Jan 2026 04:55:00.000,1,
01 Jan 2026 04:56:00.000,1,
01 Jan 2026 04:57:00.000,1,
01 Jan 2026 04:58:00.000,1,
01 Jan 2026 04:59:00.000,1,
01 Jan 2026 05:00:00.000,2,
01 Jan 2026 05:01:00.000,2,
01 Jan 2026 05:02:00.000,2,
01 Jan 2026 05:03:00.000,2,
01 Jan 2026 05:04:00.000,2,
01 Jan 2026 05:05:00.000,2,
01 Jan 2026 05:06:00.000,2,
01 Jan 2026 05:07:00.000,2,
01 Jan 2026 05:08:00.000,2,
01 Jan 2026 05:09:00.000,2,
01 Jan 2026 05:10:00.000,2,
01 Jan 2026 05:11:00.000,2,
01 Jan 2026 05:12:00.000,2,
01 Jan 2026 05:13:00.000,2,
01 Jan 2026 05:14:00.000,2,
01 Jan 2026 05:15:00.000,2,
01 Jan 2026 05:16:00.000,2,
01 Jan 2026 05:17:00.000,2,
01 Jan 2026 05:18:00.000,2,
01 Jan 2026 05:19:00.000,2,
01 Jan 2026 05:20:00.000,2,
01 Jan 2026 05:21:00.000,2,
01 Jan 2026 05:22:00.000,2,
01 Jan 2026 05:23:00.000,2,
01 Jan 2026 05:24:00.000,2,
01 Jan 2026 05:25:00.000,1,
01 Jan 2026 05:26:00.000,1,
01 Jan 2026 05:27:00.000,1,
01 Jan 2026 05:28:00.000,1,
01 Jan 2026 05:29:00.000,1,
01 Jan 2026 05:30:00.000,1,
01 Jan 2026 05:31:00.000,1,
01 Jan 2026 05:32:00.000,1,
01 Jan 2026 05:33:00.000,1,
01 Jan 2026 05:34:00.000,1,
01 Jan 2026 05:35:00.000,1,
01 Jan 2026 05:36:00.000,1,
01 Jan 2026 05:37:00.000,1,
01 Jan 2026 05:38:00.000,1,
01 Jan 2026 05:39:00.000,1,
01 Jan 2026 05:40:00.000,1,
01 Jan 2026 05:41:00.000,1,
01 Jan 2026 05:42:00.000,1,
01 Jan 2026 05:43:00.000,1,
01 Jan 2026 05:44:00.000,1,
01 Jan 2026 05:45:00.000,1,
01 Jan 2026 05:46:00.000,1,
01 Jan 2026 05:47:00.000,1,
01 Jan 2026 05:48:00.000,1,
01 Jan 2026 05:49:00.000,1,
01 Jan 2026 05:50:00.000,1,
01 Jan 2026 05:51:00.000,1,
01 Jan 2026 05:52:00.000,1,
01 Jan 2026 05:53:00.000,1,
01 Jan 2026 05:54:00.000,1,
01 Jan 2026 05:55:00.000,1,
01 Jan 2026 05:56:00.000,1,
01 Jan 2026 05:57:00.000,1,
01 Jan 2026 05:58:00.000,1,
01 Jan 2026 05:59:00.000,1,
01 Jan 2026 06:00:00.000,1,
01 Jan 2026 06:01:00.000,1,
01 Jan 2026 06:02:00.000,1,
01 Jan 2026 06:03:00.000,1,
01 Jan 2026 06:04:00.000,1,
01 Jan 2026 06:05:00.000,1,
01 Jan 2026 06:06:00.000,1,
01 Jan 2026 06:07:00.000,1,
01 Jan 2026 06:08:00.000,1,
01 Jan 2026 06:09:00.000,1,
01 Jan 2026 06:10:00.000,1,
01 Jan 2026 06:11:00.000,1,
01 Jan 2026 06:12:00.000,1,
01 Jan 2026 06:13:00.000,1,
01 Jan 2026 06:14:00.000,1,
01 Jan 2026 06:15:00.000,1,
01 Jan 2026 06:16:00.000,1,
01 Jan 2026 06:17:00.000,1,
01 Jan 2026 06:18:00.000,1,
01 Jan 2026 06:19:00.000,1,
01 Jan 2026 06:20:00.000,1,
01 Jan 2026 06:21:00.000,1,
01 Jan 2026 06:22:00.000,1,
01 Jan 2026 06:23:00.000,1,
01 Jan 2026 06:24:00.000,1,
01 Jan 2026 06:25:00.000,1,
01 Jan 2026 06:26:00.000,1,
01 Jan 2026 06:27:00.000,1,
01 Jan 2026 06:28:00.000,1,
01 Jan 2026 06:29:00.000,1,
01 Jan 2026 06:30:00.000,1,
01 Jan 2026 06:31:00.000,1,
01 Jan 2026 06:32:00.000,1,
01 Jan 2026 06:33:00.000,1,
01 Jan 2026 06:34:00.000,1,
01 Jan 2026 06:35:00.000,2,
01 Jan 2026 06:36:00.000,3,
01 Jan 2026 06:37:00.000,3,
01 Jan 2026 06:38:00.000,3,
01 Jan 2026 06:39:00.000,3,
01 Jan 2026 06:40:00.000,3,
01 Jan 2026 06:41:00.000,3,
01 Jan 2026 06:42:00.000,3,
01 Jan 2026 06:43:00.000,3,
01 Jan 2026 06:44:00.000,4,69.2422284489836
01 Jan 2026 06:45:00.000,4,66.79671150657522
01 Jan 2026 06:46:00.000,4,64.65169114124471
01 Jan 2026 06:47:00.000,4,62.76726406268509
01 Jan 2026 06:48:00.000,4,61.11088018467406
01 Jan 2026 06:49:00.000,4,59.655790044436245
01 Jan 2026 06:50:00.000,4,58.379876929661755
01 Jan 2026 06:51:00.000,4,57.264766973990234
01 Jan 2026 06:52:00.000,4,56.295144465460154
01 Jan 2026 06:53:00.000,4,55.45821952551237
01 Jan 2026 06:54:00.000,4,54.7433116501986
01 Jan 2026 06:55:00.000,4,54.14152134191005
01 Jan 2026 06:56:00.000,4,53.645470690774296
01 Jan 2026 06:57:00.000,4,53.249097569389654
01 Jan 2026 06:58:00.000,4,52.947493134467074
01 Jan 2026 06:59:00.000,5,2.468528217292952
01 Jan 2026 07:00:00.000,5,2.4771560497425944
01 Jan 2026 07:01:00.000,5,2.48602837973638
01 Jan 2026 07:02:00.000,5,2.4951391810117887
01 Jan 2026 07:03:00.000,5,2.504483908117619
01 Jan 2026 07:04:00.000,5,2.5140594328371404
01 Jan 2026 07:05:00.000,5,2.523863977564795
01 Jan 2026 07:06:00.000,5,2.5338970542603216
01 Jan 2026 07:07:00.000,5,2.5441594018010827
01 Jan 2026 07:08:00.000,5,2.5546529301712986
01 Jan 2026 07:09:00.000,5,2.5653806639299446
01 Jan 2026 07:10:00.000,5,2.576346693279766
01 Jan 2026 07:11:00.000,5,2.587556124893527
01 Jan 2026 07:12:00.000,5,2.599015040743034
01 Jan 2026 07:13:00.000,5,2.6107304568936023
01 Jan 2026 07:14:00.000,5,2.622710290466013
01 Jan 2026 07:15:00.000,5,2.634963326594583
01 Jan 2026 07:16:00.000,5,2.647499193567566
01 Jan 2026 07:17:00.000,5,2.660328337902363
01 Jan 2026 07:18:00.000,5,2.6734620075264295
01 Jan 2026 07:19:00.000,5,2.686912234797959
01 Jan 2026 07:20:00.000,5,2.7006918275146243
01 Jan 2026 07:21:00.000,5,2.714814359665881
01 Jan 2026 07:22:00.000,5,2.7292941700556224
01 Jan 2026 07:23:00.000,5,2.7441463605973166
01 Jan 2026 07:24:00.000,5,2.7593868023790797
01 Jan 2026 07:25:00.000,5,2.775032141380679
01 Jan 2026 07:26:00.000,5,2.7910998118960233
01 Jan 2026 07:27:00.000,5,2.8076080496472415
01 Jan 2026 07:28:00.000,5,2.824575912585742
01 Jan 2026 07:29:00.000,5,2.8420233014992617
01 Jan 2026 07:30:00.000,5,2.859970988345513
01 Jan 2026 07:31:00.000,5,2.8784406445854547
01 Jan 2026 07:32:00.000,5,2.8974548773479865
01 Jan 2026 07:33:00.000,5,2.917037265881236
01 Jan 2026 07:34:00.000,5,2.93721240601123
01 Jan 2026 07:35:00.000,5,2.9580059552746425
01 Jan 2026 07:36:00.000,5,2.9794446863200195
01 Jan 2026 07:37:00.000,5,3.001556541475524
01 Jan 2026 07:38:00.000,5,3.0243706959473253
01 Jan 2026 07:39:00.000,5,3.047917622795194
01 Jan 2026 07:40:00.000,5,3.0722291670094326
01 Jan 2026 07:41:00.000,5,3.0973386221109243
01 Jan 2026 07:42:00.000,5,3.123280816454776
01 Jan 2026 07:43:00.000,5,3.150092202947545
01 Jan 2026 07:44:00.000,5,3.177810959221474
01 Jan 2026 07:45:00.000,5,3.2064770922870216
01 Jan 2026 07:46:00.000,5,3.2361325545606245
01 Jan 2026 07:47:00.000,5,3.266821365639842
01 Jan 2026 07:48:00.000,5,3.2985897465672926
01 Jan 2026 07:49:00.000,5,3.3314862613370737
01 Jan 2026 07:50:00.000,5,3.3655619722336514
01 Jan 2026 07:51:00.000,5,3.4008706041764674
01 Jan 2026 07:52:00.000,5,3.4374687244984963
01 Jan 2026 07:53:00.000,5,3.4754159337951434
01 Jan 2026 07:54:00.000,5,3.5147750741215287
01 Jan 2026 07:55:00.000,5,3.555612450664432
01 Jan 2026 07:56:00.000,5,3.597998073022755
01 Jan 2026 07:57:00.000,4,79.93312460587389
01 Jan 2026 07:58:00.000,4,75.5124103718116
01 Jan 2026 07:59:00.000,4,71.61457501278645
01 Jan 2026 08:00:00.000,4,68.15846080556932
01 Jan 2026 08:01:00.000,4,65.07922187048786
01 Jan 2026 08:02:00.000,4,62.324464537669925
01 Jan 2026 08:03:00.000,4,59.85143898963412
01 Jan 2026 08:04:00.000,4,57.62496340613318
01 Jan 2026 08:05:00.000,4,55.61586778608397
01 Jan 2026 08:06:00.000,4,53.79981266366909
01 Jan 2026 08:07:00.000,4,52.15638238565979
01 Jan 2026 08:08:00.000,4,50.66838239044893
01 Jan 2026 08:09:00.000,4,49.32129008692312
01 Jan 2026 08:10:00.000,4,48.10282293762058
01 Jan 2026 08:11:00.000,4,47.00259712950432
01 Jan 2026 08:12:00.000,4,46.011857223895376
01 Jan 2026 08:13:00.000,4,45.12326223989989
01 Jan 2026 08:14:00.000,4,44.330717342021906
01 Jan 2026 08:15:00.000,4,43.62924311716424
01 Jan 2026 08:16:00.000,4,43.01487654100247
01 Jan 2026 08:17:00.000,4,42.484599458774674
01 Jan 2026 08:18:00.000,4,42.03629175049927
01 Jan 2026 08:19:00.000,4,41.668707593705605
01 Jan 2026 08:20:00.000,4,41.3814742794062
01 Jan 2026 08:21:00.000,4,41.17511418220954
01 Jan 2026 08:22:00.000,4,41.05109157500566
01 Jan 2026 08:23:00.000,4,41.01188737532391
01 Jan 2026 08:24:00.000,4,41.06110643986538
01 Jan 2026 08:25:00.000,4,41.20362416435253
01 Jan 2026 08:26:00.000,4,41.44578176321987
01 Jan 2026 08:27:00.000,4,41.795643401996315
01 Jan 2026 08:28:00.000,4,42.263333384388616
01 Jan 2026 08:29:00.000,4,42.86147902605087
01 Jan 2026 08:30:00.000,4,43.605795302384905
01 Jan 2026 08:31:00.000,4,44.51586311526822
01 Jan 2026 08:32:00.000,4,45.61617638301949
01 Jan 2026 08:33:00.000,4,46.937569415836634
01 Jan 2026 08:34:00.000,4,48.51919258862392
01 Jan 2026 08:35:00.000,4,50.411295802974635
01 Jan 2026 08:36:00.000,4,52.67923009679426
01 Jan 2026 08:37:00.000,4,55.40933564312463
01 Jan 2026 08:38:00.000,4,58.717839173529555
01 Jan 2026 08:39:00.000,4,62.76471997550537
01 Jan 2026 08:40:00.000,4,67.77611048461941
01 Jan 2026 08:41:00.000,4,74.08205700130414
01 Jan 2026 08:42:00.000,4,82.1835068997485
01 Jan 2026 08:43:00.000,4,92.87880872107716
01 Jan 2026 08:44:00.000,4,107.52209728949691
01 Jan 2026 08:45:00.000,4,128.60762937869305
01 Jan 2026 08:46:00.000,4,161.2872387982924
01 Jan 2026 08:47:00.000,4,218.18895372707115
01 Jan 2026 08:48:00.000,4,340.6769243442608
01 Jan 2026 08:49:00.000,4,788.2457283606846
01 Jan 2026 08:50:00.000,4,2481.8589568294433
01 Jan 2026 08:51:00.000,4,484.81297774152694
01 Jan 2026 08:52:00.000,4,271.0593098560786
01 Jan 2026 08:53:00.000,4,190.38179023719547
01 Jan 2026 08:54:00.000,4,149.1513187839309
01 Jan 2026 08:55:00.000,4,125.67516167702551
01 Jan 2026 08:56:00.000,4,113.25754940563276
01 Jan 2026 08:57:00.000,4,111.95390363781421
01 Jan 2026 08:58:00.000,4,133.3711502447376
01 Jan 2026 08:59:00.000,4,273.1321513173359
01 Jan 2026 09:00:00.000,4,519.2147597389089
01 Jan 2026 09:01:00.000,4,141.48499782797876
01 Jan 2026 09:02:00.000,4,92.49774825902253
01 Jan 2026 09:03:00.000,4,74.42518478284669
01 Jan 2026 09:04:00.000,4,65.13864366203738
01 Jan 2026 09:05:00.000,4,59.46408637270444
01 Jan 2026 09:06:00.000,4,55.629501457612136
01 Jan 2026 09:07:00.000,4,52.879420587751646
01 Jan 2026 09:08:00.000,4,50.84002632441643
01 Jan 2026 09:09:00.000,4,49.30511438229303
01 Jan 2026 09:10:00.000,4,48.151308071492494
01 Jan 2026 09:11:00.000,4,47.30018720688667
01 Jan 2026 09:12:00.000,4,46.69970780785291
01 Jan 2026 09:13:00.000,4,46.31437531225397
01 Jan 2026 09:14:00.000,4,46.1197249227379
01 Jan 2026 09:15:00.000,4,46.0990735697981
01 Jan 2026 09:16:00.000,4,46.2415464335438
01 Jan 2026 09:17:00.000,4,46.54086259645192
01 Jan 2026 09:18:00.000,4,46.99460159796238
01 Jan 2026 09:19:00.000,4,47.603797557042874
01 Jan 2026 09:20:00.000,4,48.37277673278327
01 Jan 2026 09:21:00.000,4,49.3091968452032
01 Jan 2026 09:22:00.000,4,50.424274682749356
01 Jan 2026 09:23:00.000,4,51.733211688065296
01 Jan 2026 09:24:00.000,4,53.25584901283288
01 Jan 2026 09:25:00.000,4,55.01760973712023
01 Jan 2026 09:26:00.000,4,57.05081996391681
01 Jan 2026 09:27:00.000,4,59.396550639493796
01 Jan 2026 09:28:00.000,4,62.10719752604126
01 Jan 2026 09:29:00.000,4,65.25013768079552
01 Jan 2026 09:30:00.000,4,68.91299816298407
01 Jan 2026 09:31:00.000,4,73.21140855492055
01 Jan 2026 09:32:00.000,4,78.30069790552015
01 Jan 2026 09:33:00.000,4,84.39407476333693
01 Jan 2026 09:34:00.000,4,91.79188952991983
01 Jan 2026 09:35:00.000,4,100.93073372129001
01 Jan 2026 09:36:00.000,4,112.47004336829687
01 Jan 2026 09:37:00.000,4,127.45448435746204
01 Jan 2026 09:38:00.000,4,147.6426705489939
01 Jan 2026 09:39:00.000,4,176.24188094052914
01 Jan 2026 09:40:00.000,4,219.78540534318552
01 Jan 2026 09:41:00.000,4,293.95103257553626
01 Jan 2026 09:42:00.000,4,448.1682109996782
01 Jan 2026 09:43:00.000,4,962.2860519641503
01 Jan 2026 09:44:00.000,4,5771.710399740053
01 Jan 2026 09:45:00.000,4,711.7922609548177
01 Jan 2026 09:46:00.000,4,376.7034611892774
01 Jan 2026 09:47:00.000,4,255.02149223369435
01 Jan 2026 09:48:00.000,4,192.1722314915727
01 Jan 2026 09:49:00.000,4,153.82815426084582
01 Jan 2026 09:50:00.000,4,128.01815086464552
01 Jan 2026 09:51:00.000,4,109.47595794365832
01 Jan 2026 09:52:00.000,4,95.52266161568168
01 Jan 2026 09:53:00.000,4,84.65158782632763
01 Jan 2026 09:54:00.000,4,75.9503783267453
01 Jan 2026 09:55:00.000,4,68.83428361023256
01 Jan 2026 09:56:00.000,4,62.911251182106255
01 Jan 2026 09:57:00.000,4,57.908608926496555
01 Jan 2026 09:58:00.000,4,53.63085486535247
01 Jan 2026 09:59:00.000,4,49.934173174970645
01 Jan 2026 10:00:00.000,4,46.7104228858391
01 Jan 2026 10:01:00.000,4,43.876731162144964
01 Jan 2026 10:02:00.000,4,41.36852850694557
01 Jan 2026 10:03:00.000,4,39.13476732928774
01 Jan 2026 10:04:00.000,4,37.13456495778726
01 Jan 2026 10:05:00.000,4,35.33479957591888
01 Jan 2026 10:06:00.000,4,33.708357714355124
01 Jan 2026 10:07:00.000,4,32.2328363128004
01 Jan 2026 10:08:00.000,4,30.889567456222583
01 Jan 2026 10:09:00.000,4,29.662876035805468
01 Jan 2026 10:10:00.000,4,28.53950788576469
01 Jan 2026 10:11:00.000,4,27.508184512563385
01 Jan 2026 10:12:00.000,4,26.55925285993716
01 Jan 2026 10:13:00.000,4,25.684407359963863
01 Jan 2026 10:14:00.000,4,24.876467424145527
01 Jan 2026 10:15:00.000,4,24.129197987608677
01 Jan 2026 10:16:00.000,4,23.437163679941644
01 Jan 2026 10:17:00.000,4,22.795609592584285
01 Jan 2026 10:18:00.000,4,22.200363148251707
01 Jan 2026 10:19:00.000,4,21.64775293950238
01 Jan 2026 10:20:00.000,4,21.13454121727273
01 Jan 2026 10:21:00.000,4,20.65786752673305
01 Jan 2026 10:22:00.000,4,20.21520142153964
01 Jan 2026 10:23:00.000,4,19.80430270351698
01 Jan 2026 10:24:00.000,4,19.423187863075288
01 Jan 2026 10:25:00.000,4,19.07010173822048
01 Jan 2026 10:26:00.000,4,18.743493525047107
01 Jan 2026 10:27:00.000,4,18.441996511482685
01 Jan 2026 10:28:00.000,4,18.16441095762204
01 Jan 2026 10:29:00.000,4,17.909689720752493
01 Jan 2026 10:30:00.000,4,17.676926239802828
01 Jan 2026 10:31:00.000,4,17.4653446273534
01 Jan 2026 10:32:00.000,4,17.27429161603426
01 Jan 2026 10:33:00.000,4,17.103230212131674
01 Jan 2026 10:34:00.000,4,16.95173490037769
01 Jan 2026 10:35:00.000,4,16.819488331772604
01 Jan 2026 10:36:00.000,4,16.706279417052325
01 Jan 2026 10:37:00.000,4,16.6120028243411
01 Jan 2026 10:38:00.000,4,16.53665987624023
01 Jan 2026 10:39:00.000,4,16.48036091060063
01 Jan 2026 10:40:00.000,4,16.44332917772533
01 Jan 2026 10:41:00.000,4,16.42590641468143
01 Jan 2026 10:42:00.000,4,16.428560264616383
01 Jan 2026 10:43:00.000,3,
01 Jan 2026 10:44:00.000,3,
01 Jan 2026 10:45:00.000,3,
01 Jan 2026 10:46:00.000,3,
01 Jan 2026 10:47:00.000,3,
01 Jan 2026 10:48:00.000,3,
01 Jan 2026 10:49:00.000,3,
01 Jan 2026 10:50:00.000,3,
01 Jan 2026 10:51:00.000,3,
01 Jan 2026 10:52:00.000,3,
01 Jan 2026 10:53:00.000,3,
01 Jan 2026 10:54:00.000,3,
01 Jan 2026 10:55:00.000,3,
01 Jan 2026 10:56:00.000,3,
01 Jan 2026 10:57:00.000,3,
01 Jan 2026 10:58:00.000,3,
01 Jan 2026 10:59:00.000,3,
01 Jan 2026 11:00:00.000,3,
01 Jan 2026 11:01:00.000,3,
01 Jan 2026 11:02:00.000,3,
01 Jan 2026 11:03:00.000,3,
01 Jan 2026 11:04:00.000,3,
01 Jan 2026 11:05:00.000,3,
01 Jan 2026 11:06:00.000,3,
01 Jan 2026 11:07:00.000,2,
01 Jan 2026 11:08:00.000,2,
01 Jan 2026 11:09:00.000,2,
01 Jan 2026 11:10:00.000,2,
01 Jan 2026 11:11:00.000,2,
01 Jan 2026 11:12:00.000,2,
01 Jan 2026 11:13:00.000,2,
01 Jan 2026 11:14:00.000,2,
01 Jan 2026 11:15:00.000,2,
01 Jan 2026 11:16:00.000,2,
01 Jan 2026 11:17:00.000,2,
01 Jan 2026 11:18:00.000,2,
01 Jan 2026 11:19:00.000,2,
01 Jan 2026 11:20:00.000,1,
01 Jan 2026 11:21:00.000,0,
01 Jan 2026 11:22:00.000,0,
01 Jan 2026 11:23:00.000,0,
01 Jan 2026 11:24:00.000,0,
01 Jan 2026 11:25:00.000,0,
01 Jan 2026 11:26:00.000,0,
01 Jan 2026 11:27:00.000,0,
01 Jan 2026 11:28:00.000,0,
01 Jan 2026 11:29:00.000,0,
01 Jan 2026 11:30:00.000,0,
01 Jan 2026 11:31:00.000,0,
01 Jan 2026 11:32:00.000,0,
01 Jan 2026 11:33:00.000,0,
01 Jan 2026 11:34:00.000,0,
01 Jan 2026 11:35:00.000,0,
01 Jan 2026 11:36:00.000,0,
01 Jan 2026 11:37:00.000,0,
01 Jan 2026 11:38:00.000,0,
01 Jan 2026 11:39:00.000,0,
01 Jan 2026 11:40:00.000,0,
01 Jan 2026 11:41:00.000,0,
01 Jan 2026 11:42:00.000,0,
01 Jan 2026 11:43:00.000,0,
01 Jan 2026 11:44:00.000,0,
01 Jan 2026 11:45:00.000,0,
01 Jan 2026 11:46:00.000,0,
01 Jan 2026 11:47:00.000,0,
01 Jan 2026 11:48:00.000,0,
01 Jan 2026 11:49:00.000,0,
01 Jan 2026 11:50:00.000,0,
01 Jan 2026 11:51:00.000,0,
01 Jan 2026 11:52:00.000,0,
01 Jan 2026 11:53:00.000,0,
01 Jan 2026 11:54:00.000,0,
01 Jan 2026 11:55:00.000,0,
01 Jan 2026 11:56:00.000,0,
01 Jan 2026 11:57:00.000,0,
01 Jan 2026 11:58:00.000,0,
01 Jan 2026 11:59:00.000,0,
01 Jan 2026 12:00:00.000,0,
01 Jan 2026 12:01:00.000,0,
01 Jan 2026 12:02:00.000,0,
01 Jan 2026 12:03:00.000,0,
01 Jan 2026 12:04:00.000,0,
01 Jan 2026 12:05:00.000,0,
01 Jan 2026 12:06:00.000,0,
01 Jan 2026 12:07:00.000,0,
01 Jan 2026 12:08:00.000,0,
01 Jan 2026 12:09:00.000,0,
01 Jan 2026 12:10:00.000,0,
01 Jan 2026 12:11:00.000,0,
01 Jan 2026 12:12:00.000,0,
01 Jan 2026 12:13:00.000,0,
01 Jan 2026 12:14:00.000,0,
01 Jan 2026 12:15:00.000,0,
01 Jan 2026 12:16:00.000,0,
01 Jan 2026 12:17:00.000,0,
01 Jan 2026 12:18:00.000,0,
01 Jan 2026 12:19:00.000,0,
01 Jan 2026 12:20:00.000,0,
01 Jan 2026 12:21:00.000,0,
01 Jan 2026 12:22:00.000,0,
01 Jan 2026 12:23:00.000,0,
01 Jan 2026 12:24:00.000,0,
01 Jan 2026 12:25:00.000,0,
01 Jan 2026 12:26:00.000,0,
01 Jan 2026 12:27:00.000,0,
01 Jan 2026 12:28:00.000,0,
01 Jan 2026 12:29:00.000,0,
01 Jan 2026 12:30:00.000,0,
01 Jan 2026 12:31:00.000,0,
01 Jan 2026 12:32:00.000,0,
01 Jan 2026 12:33:00.000,0,
01 Jan 2026 12:34:00.000,0,
01 Jan 2026 12:35:00.000,0,
01 Jan 2026 12:36:00.000,0,
01 Jan 2026 12:37:00.000,0,
01 Jan 2026 12:38:00.000,0,
01 Jan 2026 12:39:00.000,0,
01 Jan 2026 12:40:00.000,0,
01 Jan 2026 12:41:00.000,0,
01 Jan 2026 12:42:00.000,0,
01 Jan 2026 12:43:00.000,0,
01 Jan 2026 12:44:00.000,0,
01 Jan 2026 12:45:00.000,0,
01 Jan 2026 12:46:00.000,0,
01 Jan 2026 12:47:00.000,0,
01 Jan 2026 12:48:00.000,0,
01 Jan 2026 12:49:00.000,0,
01 Jan 2026 12:50:00.000,0,
01 Jan 2026 12:51:00.000,0,
01 Jan 2026 12:52:00.000,0,
01 Jan 2026 12:53:00.000,0,
01 Jan 2026 12:54:00.000,0,
01 Jan 2026 12:55:00.000,0,
01 Jan 2026 12:56:00.000,0,
01 Jan 2026 12:57:00.000,0,
01 Jan 2026 12:58:00.000,0,
01 Jan 2026 12:59:00.000,0,
01 Jan 2026 13:00:00.000,0,
01 Jan 2026 13:01:00.000,0,
01 Jan 2026 13:02:00.000,0,
01 Jan 2026 13:03:00.000,0,
01 Jan 2026 13:04:00.000,0,
01 Jan 2026 13:05:00.000,0,
01 Jan 2026 13:06:00.000,0,
01 Jan 2026 13:07:00.000,0,
01 Jan 2026 13:08:00.000,0,
01 Jan 2026 13:09:00.000,0,
01 Jan 2026 13:10:00.000,0,
01 Jan 2026 13:11:00.000,1,
01 Jan 2026 13:12:00.000,1,
01 Jan 2026 13:13:00.000,1,
01 Jan 2026 13:14:00.000,1,
01 Jan 2026 13:15:00.000,1,
01 Jan 2026 13:16:00.000,1,
01 Jan 2026 13:17:00.000,1,
01 Jan 2026 13:18:00.000,1,
01 Jan 2026 13:19:00.000,1,
01 Jan 2026 13:20:00.000,1,
01 Jan 2026 13:21:00.000,1,
01 Jan 2026 13:22:00.000,1,
01 Jan 2026 13:23:00.000,1,
01 Jan 2026 13:24:00.000,1,
01 Jan 2026 13:25:00.000,1,
01 Jan 2026 13:26:00.000,1,
01 Jan 2026 13:27:00.000,1,
01 Jan 2026 13:28:00.000,1,
01 Jan 2026 13:29:00.000,1,
01 Jan 2026 13:30:00.000,1,
01 Jan 2026 13:31:00.000,1,
01 Jan 2026 13:32:00.000,1,
01 Jan 2026 13:33:00.000,1,
01 Jan 2026 13:34:00.000,1,
01 Jan 2026 13:35:00.000,1,
01 Jan 2026 13:36:00.000,1,
01 Jan 2026 13:37:00.000,1,
01 Jan 2026 13:38:00.000,1,
01 Jan 2026 13:39:00.000,1,
01 Jan 2026 13:40:00.000,1,
01 Jan 2026 13:41:00.000,1,
01 Jan 2026 13:42:00.000,1,
01 Jan 2026 13:43:00.000,1,
01 Jan 2026 13:44:00.000,1,
01 Jan 2026 13:45:00.000,1,
01 Jan 2026 13:46:00.000,1,
01 Jan 2026 13:47:00.000,1,
01 Jan 2026 13:48:00.000,1,
01 Jan 2026 13:49:00.000,1,
01 Jan 2026 13:50:00.000,1,
01 Jan 2026 13:51:00.000,1,
01 Jan 2026 13:52:00.000,1,
01 Jan 2026 13:53:00.000,1,
01 Jan 2026 13:54:00.000,1,
01 Jan 2026 13:55:00.000,1,
01 Jan 2026 13:56:00.000,1,
01 Jan 2026 13:57:00.000,1,
01 Jan 2026 13:58:00.000,1,
01 Jan 2026 13:59:00.000,1,
01 Jan 2026 14:00:00.000,1,
01 Jan 2026 14:01:00.000,1,
01 Jan 2026 14:02:00.000,1,
01 Jan 2026 14:03:00.000,1,
01 Jan 2026 14:04:00.000,2,
01 Jan 2026 14:05:00.000,2,
01 Jan 2026 14:06:00.000,2,
01 Jan 2026 14:07:00.000,2,
01 Jan 2026 14:08:00.000,2,
01 Jan 2026 14:09:00.000,2,
01 Jan 2026 14:10:00.000,2,
01 Jan 2026 14:11:00.000,2,
01 Jan 2026 14:12:00.000,2,
01 Jan 2026 14:13:00.000,2,
01 Jan 2026 14:14:00.000,2,
01 Jan 2026 14:15:00.000,2,
01 Jan 2026 14:16:00.000,2,
01 Jan 2026 14:17:00.000,2,
01 Jan 2026 14:18:00.000,2,
01 Jan 2026 14:19:00.000,2,
01 Jan 2026 14:20:00.000,2,
01 Jan 2026 14:21:00.000,2,
01 Jan 2026 14:22:00.000,2,
01 Jan 2026 14:23:00.000,2,
01 Jan 2026 14:24:00.000,2,
01 Jan 2026 14:25:00.000,2,
01 Jan 2026 14:26:00.000,2,
01 Jan 2026 14:27:00.000,2,
01 Jan 2026 14:28:00.000,2,
01 Jan 2026 14:29:00.000,2,
01 Jan 2026 14:30:00.000,2,
01 Jan 2026 14:31:00.000,2,
01 Jan 2026 14:32:00.000,2,
01 Jan 2026 14:33:00.000,2,
01 Jan 2026 14:34:00.000,2,
01 Jan 2026 14:35:00.000,2,
01 Jan 2026 14:36:00.000,2,
01 Jan 2026 14:37:00.000,2,
01 Jan 2026 14:38:00.000,2,
01 Jan 2026 14:39:00.000,2,
01 Jan 2026 14:40:00.000,2,
01 Jan 2026 14:41:00.000,2,
01 Jan 2026 14:42:00.000,2,
01 Jan 2026 14:43:00.000,2,
01 Jan 2026 14:44:00.000,2,
01 Jan 2026 14:45:00.000,2,
01 Jan 2026 14:46:00.000,2,
01 Jan 2026 14:47:00.000,2,
01 Jan 2026 14:48:00.000,2,
01 Jan 2026 14:49:00.000,2,
01 Jan 2026 14:50:00.000,2,
01 Jan 2026 14:51:00.000,2,
01 Jan 2026 14:52:00.000,2,
01 Jan 2026 14:53:00.000,2,
01 Jan 2026 14:54:00.000,2,
01 Jan 2026 14:55:00.000,2,
01 Jan 2026 14:56:00.000,2,
01 Jan 2026 14:57:00.000,2,
01 Jan 2026 14:58:00.000,2,
01 Jan 2026 14:59:00.000,2,
01 Jan 2026 15:00:00.000,2,
01 Jan 2026 15:01:00.000,2,
01 Jan 2026 15:02:00.000,2,
01 Jan 2026 15:03:00.000,2,
01 Jan 2026 15:04:00.000,2,
01 Jan 2026 15:05:00.000,2,
01 Jan 2026 15:06:00.000,2,
01 Jan 2026 15:07:00.000,2,
01 Jan 2026 15:08:00.000,2,
01 Jan 2026 15:09:00.000,2,
01 Jan 2026 15:10:00.000,2,
01 Jan 2026 15:11:00.000,2,
01 Jan 2026 15:12:00.000,2,
01 Jan 2026 15:13:00.000,2,
01 Jan 2026 15:14:00.000,3,
01 Jan 2026 15:15:00.000,3,
01 Jan 2026 15:16:00.000,3,
01 Jan 2026 15:17:00.000,3,
01 Jan 2026 15:18:00.000,3,
01 Jan 2026 15:19:00.000,3,
01 Jan 2026 15:20:00.000,3,
01 Jan 2026 15:21:00.000,3,
01 Jan 2026 15:22:00.000,3,
01 Jan 2026 15:23:00.000,3,
01 Jan 2026 15:24:00.000,3,
01 Jan 2026 15:25:00.000,3,
01 Jan 2026 15:26:00.000,3,
01 Jan 2026 15:27:00.000,3,
01 Jan 2026 15:28:00.000,3,
01 Jan 2026 15:29:00.000,3,
01 Jan 2026 15:30:00.000,3,
01 Jan 2026 15:31:00.000,3,
01 Jan 2026 15:32:00.000,3,
01 Jan 2026 15:33:00.000,3,
01 Jan 2026 15:34:00.000,3,
01 Jan 2026 15:35:00.000,3,
01 Jan 2026 15:36:00.000,3,
01 Jan 2026 15:37:00.000,3,
01 Jan 2026 15:38:00.000,3,
01 Jan 2026 15:39:00.000,3,
01 Jan 2026 15:40:00.000,3,
01 Jan 2026 15:41:00.000,3,
01 Jan 2026 15:42:00.000,3,
01 Jan 2026 15:43:00.000,3,
01 Jan 2026 15:44:00.000,3,
01 Jan 2026 15:45:00.000,3,
01 Jan 2026 15:46:00.000,3,
01 Jan 2026 15:47:00.000,3,
01 Jan 2026 15:48:00.000,3,
01 Jan 2026 15:49:00.000,3,
01 Jan 2026 15:50:00.000,3,
01 Jan 2026 15:51:00.000,3,
01 Jan 2026 15:52:00.000,3,
01 Jan 2026 15:53:00.000,3,
01 Jan 2026 15:54:00.000,3,
01 Jan 2026 15:55:00.000,3,
01 Jan 2026 15:56:00.000,3,
01 Jan 2026 15:57:00.000,3,
01 Jan 2026 15:58:00.000,3,
01 Jan 2026 15:59:00.000,3,
01 Jan 2026 16:00:00.000,3,
01 Jan 2026 16:01:00.000,3,
01 Jan 2026 16:02:00.000,3,
01 Jan 2026 16:03:00.000,3,
01 Jan 2026 16:04:00.000,3,
01 Jan 2026 16:05:00.000,3,
01 Jan 2026 16:06:00.000,3,
01 Jan 2026 16:07:00.000,3,
01 Jan 2026 16:08:00.000,3,
01 Jan 2026 16:09:00.000,3,
01 Jan 2026 16:10:00.000,3,
01 Jan 2026 16:11:00.000,3,
01 Jan 2026 16:12:00.000,3,
01 Jan 2026 16:13:00.000,3,
01 Jan 2026 16:14:00.000,3,
01 Jan 2026 16:15:00.000,3,
01 Jan 2026 16:16:00.000,3,
01 Jan 2026 16:17:00.000,3,
01 Jan 2026 16:18:00.000,3,
01 Jan 2026 16:19:00.000,3,
01 Jan 2026 16:20:00.000,3,
01 Jan 2026 16:21:00.000,3,
01 Jan 2026 16:22:00.000,3,
01 Jan 2026 16:23:00.000,3,
01 Jan 2026 16:24:00.000,3,
01 Jan 2026 16:25:00.000,3,
01 Jan 2026 16:26:00.000,3,
01 Jan 2026 16:27:00.000,3,
01 Jan 2026 16:28:00.000,3,
01 Jan 2026 16:29:00.000,3,
01 Jan 2026 16:30:00.000,3,
01 Jan 2026 16:31:00.000,3,
01 Jan 2026 16:32:00.000,3,
01 Jan 2026 16:33:00.000,3,
01 Jan 2026 16:34:00.000,3,
01 Jan 2026 16:35:00.000,3,
01 Jan 2026 16:36:00.000,3,
01 Jan 2026 16:37:00.000,3,
01 Jan 2026 16:38:00.000,3,
01 Jan 2026 16:39:00.000,3,
01 Jan 2026 16:40:00.000,3,
01 Jan 2026 16:41:00.000,3,
01 Jan 2026 16:42:00.000,3,
01 Jan 2026 16:43:00.000,3,
01 Jan 2026 16:44:00.000,3,
01 Jan 2026 16:45:00.000,3,
01 Jan 2026 16:46:00.000,3,
01 Jan 2026 16:47:00.000,3,
01 Jan 2026 16:48:00.000,3,
01 Jan 2026 16:49:00.000,3,
01 Jan 2026 16:50:00.000,3,
01 Jan 2026 16:51:00.000,3,
01 Jan 2026 16:52:00.000,3,
01 Jan 2026 16:53:00.000,3,
01 Jan 2026 16:54:00.000,3,
01 Jan 2026 16:55:00.000,3,
01 Jan 2026 16:56:00.000,3,
01 Jan 2026 16:57:00.000,3,
01 Jan 2026 16:58:00.000,4,1386.0320754992795
01 Jan 2026 16:59:00.000,4,1574.548484775979
01 Jan 2026 17:00:00.000,4,1825.753607290637
01 Jan 2026 17:01:00.000,4,2176.8142327820674
01 Jan 2026 17:02:00.000,4,2701.5289188463553
01 Jan 2026 17:03:00.000,4,3570.212800747361
01 Jan 2026 17:04:00.000,4,5284.131211561281
01 Jan 2026 17:05:00.000,4,10238.785558344389
01 Jan 2026 17:06:00.000,4,184602.5446587375
01 Jan 2026 17:07:00.000,4,11435.028902513672
01 Jan 2026 17:08:00.000,4,5528.56401144998
01 Jan 2026 17:09:00.000,4,3638.860375962756
01 Jan 2026 17:10:00.000,4,2708.6193340905365
01 Jan 2026 17:11:00.000,4,2155.340523463152
01 Jan 2026 17:12:00.000,4,1788.6814458761114
01 Jan 2026 17:13:00.000,4,1527.9838240326842
01 Jan 2026 17:14:00.000,4,1333.2158336113193
01 Jan 2026 17:15:00.000,4,1182.2542104510956
01 Jan 2026 17:16:00.000,4,1061.8772268814757
01 Jan 2026 17:17:00.000,4,963.6969357124111
01 Jan 2026 17:18:00.000,4,882.135189757704
01 Jan 2026 17:19:00.000,4,813.3380886579794
01 Jan 2026 17:20:00.000,4,754.5575644991459
01 Jan 2026 17:21:00.000,4,703.7813466346778
01 Jan 2026 17:22:00.000,4,659.5021608749192
01 Jan 2026 17:23:00.000,4,620.5687008936345
01 Jan 2026 17:24:00.000,3,
01 Jan 2026 17:25:00.000,3,
01 Jan 2026 17:26:00.000,3,
01 Jan 2026 17:27:00.000,3,
01 Jan 2026 17:28:00.000,3,
01 Jan 2026 17:29:00.000,3,
01 Jan 2026 17:30:00.000,3,
01 Jan 2026 17:31:00.000,3,
01 Jan 2026 17:32:00.000,3,
01 Jan 2026 17:33:00.000,3,
01 Jan 2026 17:34:00.000,3,
01 Jan 2026 17:35:00.000,3,
01 Jan 2026 17:36:00.000,3,
01 Jan 2026 17:37:00.000,3,
01 Jan 2026 17:38:00.000,3,
01 Jan 2026 17:39:00.000,3,
01 Jan 2026 17:40:00.000,3,
01 Jan 2026 17:41:00.000,3,
01 Jan 2026 17:42:00.000,3,
01 Jan 2026 17:43:00.000,3,
01 Jan 2026 17:44:00.000,3,
01 Jan 2026 17:45:00.000,3,
01 Jan 2026 17:46:00.000,3,
01 Jan 2026 17:47:00.000,3,
01 Jan 2026 17:48:00.000,3,
01 Jan 2026 17:49:00.000,3,
01 Jan 2026 17:50:00.000,3,
01 Jan 2026 17:51:00.000,3,
01 Jan 2026 17:52:00.000,3,
01 Jan 2026 17:53:00.000,3,
01 Jan 2026 17:54:00.000,3,
01 Jan 2026 17:55:00.000,3,
01 Jan 2026 17:56:00.000,3,
01 Jan 2026 17:57:00.000,3,
01 Jan 2026 17:58:00.000,3,
01 Jan 2026 17:59:00.000,3,
01 Jan 2026 18:00:00.000,3,
01 Jan 2026 18:01:00.000,3,
01 Jan 2026 18:02:00.000,3,
01 Jan 2026 18:03:00.000,3,
01 Jan 2026 18:04:00.000,3,
01 Jan 2026 18:05:00.000,3,
01 Jan 2026 18:06:00.000,3,
01 Jan 2026 18:07:00.000,3,
01 Jan 2026 18:08:00.000,3,
01 Jan 2026 18:09:00.000,3,
01 Jan 2026 18:10:00.000,3,
01 Jan 2026 18:11:00.000,3,
01 Jan 2026 18:12:00.000,3,
01 Jan 2026 18:13:00.000,3,
01 Jan 2026 18:14:00.000,3,
01 Jan 2026 18:15:00.000,3,
01 Jan 2026 18:16:00.000,3,
01 Jan 2026 18:17:00.000,3,
01 Jan 2026 18:18:00.000,3,
01 Jan 2026 18:19:00.000,3,
01 Jan 2026 18:20:00.000,3,
01 Jan 2026 18:21:00.000,3,
01 Jan 2026 18:22:00.000,3,
01 Jan 2026 18:23:00.000,3,
01 Jan 2026 18:24:00.000,3,
01 Jan 2026 18:25:00.000,3,
01 Jan 2026 18:26:00.000,3,
01 Jan 2026 18:27:00.000,3,
01 Jan 2026 18:28:00.000,3,
01 Jan 2026 18:29:00.000,3,
01 Jan 2026 18:30:00.000,3,
01 Jan 2026 18:31:00.000,3,
01 Jan 2026 18:32:00.000,3,
01 Jan 2026 18:33:00.000,3,
01 Jan 2026 18:34:00.000,3,
01 Jan 2026 18:35:00.000,3,
01 Jan 2026 18:36:00.000,3,
01 Jan 2026 18:37:00.000,4,3.258403269732891
01 Jan 2026 18:38:00.000,4,3.23692893510539
01 Jan 2026 18:39:00.000,4,3.216716410375732
01 Jan 2026 18:40:00.000,4,3.1976811058762626
01 Jan 2026 18:41:00.000,4,3.179739345361723
01 Jan 2026 18:42:00.000,4,3.1628096889853543
01 Jan 2026 18:43:00.000,4,3.146813986052947
01 Jan 2026 18:44:00.000,4,3.1316781681752817
01 Jan 2026 18:45:00.000,4,3.117332811877341
01 Jan 2026 18:46:00.000,4,3.1037134950345493
01 Jan 2026 18:47:00.000,4,3.090760982350101
01 Jan 2026 18:48:00.000,4,3.0784212667793605
01 Jan 2026 18:49:00.000,4,3.0666454996872985
01 Jan 2026 18:50:00.000,4,3.0553898328071947
01 Jan 2026 18:51:00.000,4,3.0446151983437724
01 Jan 2026 18:52:00.000,4,3.034287044074122
01 Jan 2026 18:53:00.000,4,3.024375042542557
01 Jan 2026 18:54:00.000,4,3.014852785057922
01 Jan 2026 18:55:00.000,4,3.0056974732373485
01 Jan 2026 18:56:00.000,4,2.996889613838261
01 Jan 2026 18:57:00.000,4,2.988412724763759
01 Jan 2026 18:58:00.000,4,2.9802530544513037
01 Jan 2026 18:59:00.000,4,2.9723993191467764
01 Jan 2026 19:00:00.000,4,2.9648424580133272
01 Jan 2026 19:01:00.000,4,2.957575408394417
01 Jan 2026 19:02:00.000,5,2.8139643779493797
01 Jan 2026 19:03:00.000,5,2.808098219897083
01 Jan 2026 19:04:00.000,5,2.8024600774383206
01 Jan 2026 19:05:00.000,6,2.7646059482050176
01 Jan 2026 19:06:00.000,6,2.7593008162859682
01 Jan 2026 19:07:00.000,6,2.75421782546296
01 Jan 2026 19:08:00.000,6,2.7493586693704115
01 Jan 2026 19:09:00.000,5,3.653925298765788
01 Jan 2026 19:10:00.000,5,3.671095974516046
01 Jan 2026 19:11:00.000,5,3.6891215441402823
01 Jan 2026 19:12:00.000,5,3.7079978207148327
01 Jan 2026 19:13:00.000,5,3.7277224806030884
01 Jan 2026 19:14:00.000,5,3.7482949605887046
01 Jan 2026 19:15:00.000,5,3.7697163641695126
01 Jan 2026 19:16:00.000,5,3.791989380993223
01 Jan 2026 19:17:00.000,5,3.815118213307334
01 Jan 2026 19:18:00.000,5,3.8391085143985233
01 Jan 2026 19:19:00.000,5,3.8639673321503927
01 Jan 2026 19:20:00.000,5,3.8897030636787053
01 Jan 2026 19:21:00.000,5,3.916325413425363
01 Jan 2026 19:22:00.000,5,3.9438453616452867
01 Jan 2026 19:23:00.000,5,3.9722751349028815
01 Jan 2026 19:24:00.000,5,4.001628186481457
01 Jan 2026 19:25:00.000,5,4.031919177531998
01 Jan 2026 19:26:00.000,5,4.063163967837503
01 Jan 2026 19:27:00.000,5,4.095379606197997
01 Jan 2026 19:28:00.000,5,4.128584330284181
01 Jan 2026 19:29:00.000,5,4.162797565122275
01 Jan 2026 19:30:00.000,5,4.19803993103056
01 Jan 2026 19:31:00.000,5,4.234333249299522
01 Jan 2026 19:32:00.000,5,4.2717005574215845
01 Jan 2026 19:33:00.000,5,4.310166121255931
01 Jan 2026 19:34:00.000,5,4.349755456934322
01 Jan 2026 19:35:00.000,5,4.3904953489682965
01 Jan 2026 19:36:00.000,5,4.432413878369011
01 Jan 2026 19:37:00.000,5,4.475540446285382
01 Jan 2026 19:38:00.000,5,4.51990580800708
01 Jan 2026 19:39:00.000,5,4.565542101853414
01 Jan 2026 19:40:00.000,5,4.612482888849232
01 Jan 2026 19:41:00.000,5,4.660763186701634
01 Jan 2026 19:42:00.000,5,4.710419515064997
01 Jan 2026 19:43:00.000,5,4.761489934577515
01 Jan 2026 19:44:00.000,5,4.8140140977785375
01 Jan 2026 19:45:00.000,5,4.868033293337814
01 Jan 2026 19:46:00.000,5,4.923590502877286
01 Jan 2026 19:47:00.000,5,4.980730450754377
01 Jan 2026 19:48:00.000,5,5.039499667313672
01 Jan 2026 19:49:00.000,5,5.099946544909697
01 Jan 2026 19:50:00.000,5,5.1621214085139675
01 Jan 2026 19:51:00.000,5,5.22607657916491
01 Jan 2026 19:52:00.000,5,5.29186645347397
01 Jan 2026 19:53:00.000,5,5.359547576435508
01 Jan 2026 19:54:00.000,5,5.429178732318531
01 Jan 2026 19:55:00.000,5,5.500821029946045
01 Jan 2026 19:56:00.000,5,5.57453800888228
01 Jan 2026 19:57:00.000,5,5.650395742063505
01 Jan 2026 19:58:00.000,5,5.728462963394843
01 Jan 2026 19:59:00.000,5,5.808811195308662
01 Jan 2026 20:00:00.000,5,5.891514907204441
01 Jan 2026 20:01:00.000,5,5.976651679596577
01 Jan 2026 20:02:00.000,5,6.064302407829955
01 Jan 2026 20:03:00.000,5,6.154551520629775
01 Jan 2026 20:04:00.000,5,6.247487251047842
01 Jan 2026 20:05:00.000,5,6.343201936398512
01 Jan 2026 20:06:00.000,5,6.441792389630885
01 Jan 2026 20:07:00.000,5,6.543360321347276
01 Jan 2026 20:08:00.000,5,6.648012861506658
01 Jan 2026 20:09:00.000,5,6.7558631646052305
01 Jan 2026 20:10:00.000,5,6.8670311564399436
01 Jan 2026 20:11:00.000,5,6.981644413755725
01 Jan 2026 20:12:00.000,5,7.099839247621616
01 Jan 2026 20:13:00.000,5,7.221761993691534
01 Jan 2026 20:14:00.000,5,7.347570598348559
01 Jan 2026 20:15:00.000,5,7.477436522299298
01 Jan 2026 20:16:00.000,5,7.6115470768904885
01 Jan 2026 20:17:00.000,5,7.7501082430096755
01 Jan 2026 20:18:00.000,5,7.893348126464757
01 Jan 2026 20:19:00.000,5,8.041521143249104
01 Jan 2026 20:20:00.000,5,8.1949131462996
01 Jan 2026 20:21:00.000,5,8.35384765471022
01 Jan 2026 20:22:00.000,5,8.518693485139263
01 Jan 2026 20:23:00.000,5,8.689874052701139
01 Jan 2026 20:24:00.000,5,8.86787877927957
01 Jan 2026 20:25:00.000,5,9.05327704782928
01 Jan 2026 20:26:00.000,5,9.246735364126527
01 Jan 2026 20:27:00.000,5,9.44903844896894
01 Jan 2026 20:28:00.000,5,9.661115297516401
01 Jan 2026 20:29:00.000,5,9.884071418640536
01 Jan 2026 20:30:00.000,5,10.119228947924453
01 Jan 2026 20:31:00.000,5,10.368176727423295
01 Jan 2026 20:32:00.000,5,10.632833250630913
01 Jan 2026 20:33:00.000,5,10.915526224144378
01 Jan 2026 20:34:00.000,5,11.219093969821625
01 Jan 2026 20:35:00.000,5,11.547015713121821
01 Jan 2026 20:36:00.000,5,11.903580732058808
01 Jan 2026 20:37:00.000,5,12.29411036152726
01 Jan 2026 20:38:00.000,5,12.72525318669895
01 Jan 2026 20:39:00.000,5,13.205383146593991
01 Jan 2026 20:40:00.000,5,13.745145280385508
01 Jan 2026 20:41:00.000,5,14.358217565398572
01 Jan 2026 20:42:00.000,5,15.062396685030617
01 Jan 2026 20:43:00.000,5,15.881182009464196
01 Jan 2026 20:44:00.000,5,16.846149049669016
01 Jan 2026 20:45:00.000,5,18.000616589811496
01 Jan 2026 20:46:00.000,5,19.405518175789666
01 Jan 2026 20:47:00.000,5,21.149204463684743
01 Jan 2026 20:48:00.000,5,23.364645372255776
01 Jan 2026 20:49:00.000,5,26.261505956073417
01 Jan 2026 20:50:00.000,5,30.19065358708963
01 Jan 2026 20:51:00.000,5,35.7871427714206
01 Jan 2026 20:52:00.000,5,44.33144083405889
01 Jan 2026 20:53:00.000,5,58.850151187320435
01 Jan 2026 20:54:00.000,5,88.637067046962
01 Jan 2026 20:55:00.000,5,182.90879413123625
01 Jan 2026 20:56:00.000,5,2376.893471697661
01 Jan 2026 20:57:00.000,5,158.87181411957258
01 Jan 2026 20:58:00.000,5,82.36095317869936
01 Jan 2026 20:59:00.000,5,55.850224199358735
01 Jan 2026 21:00:00.000,5,42.47739673049741
01 Jan 2026 21:01:00.000,5,34.46393029807776
01 Jan 2026 21:02:00.000,5,29.156971479247666
01 Jan 2026 21:03:00.000,5,25.40432129761393
01 Jan 2026 21:04:00.000,5,22.624730404112558
01 Jan 2026 21:05:00.000,5,20.49323661062484
01 Jan 2026 21:06:00.000,5,18.81398463144581
01 Jan 2026 21:07:00.000,5,17.46196844872423
01 Jan 2026 21:08:00.000,5,16.35372262441589
01 Jan 2026 21:09:00.000,5,15.431458062687573
01 Jan 2026 21:10:00.000,5,14.65395433800751
01 Jan 2026 21:11:00.000,5,13.991071290117349
01 Jan 2026 21:12:00.000,5,13.42030462014343
01 Jan 2026 21:13:00.000,5,12.924548356122902
01 Jan 2026 21:14:00.000,5,12.490597663998926
01 Jan 2026 21:15:00.000,5,12.10812096542013
01 Jan 2026 21:16:00.000,5,11.768938319474833
01 Jan 2026 21:17:00.000,5,11.466504720251239
01 Jan 2026 21:18:00.000,5,11.195533686551222
01 Jan 2026 21:19:00.000,5,10.9517187591527
01 Jan 2026 21:20:00.000,5,10.731524631728876
01 Jan 2026 21:21:00.000,5,10.532028528278753
01 Jan 2026 21:22:00.000,5,10.350798439824066
01 Jan 2026 21:23:00.000,5,10.185798677559422
01 Jan 2026 21:24:00.000,5,10.035315986776276
01 Jan 2026 21:25:00.000,5,9.897901227362594
01 Jan 2026 21:26:00.000,5,9.772323032142562
01 Jan 2026 21:27:00.000,5,9.657530688595802
01 Jan 2026 21:28:00.000,5,9.552624258105183
01 Jan 2026 21:29:00.000,5,9.456830341802418
01 Jan 2026 21:30:00.000,5,9.369482359135883
01 Jan 2026 21:31:00.000,5,9.290004380694565
01 Jan 2026 21:32:00.000,5,9.217897853614293
01 Jan 2026 21:33:00.000,5,9.152730618493486
01 Jan 2026 21:34:00.000,5,9.09412782730252
01 Jan 2026 21:35:00.000,5,9.041764370150185
01 Jan 2026 21:36:00.000,5,8.995358580952022
01 Jan 2026 21:37:00.000,5,8.954666955631307
01 Jan 2026 21:38:00.000,5,8.91947975060639
01 Jan 2026 21:39:00.000,5,8.889617272867756
01 Jan 2026 21:40:00.000,5,8.864926790307184
01 Jan 2026 21:41:00.000,5,8.845279922696255
01 Jan 2026 21:42:00.000,5,8.830570480762885
01 Jan 2026 21:43:00.000,5,8.820712645503711
01 Jan 2026 21:44:00.000,5,8.815639480281328
01 Jan 2026 21:45:00.000,5,8.815301688870461
01 Jan 2026 21:46:00.000,5,8.819666628491058
01 Jan 2026 21:47:00.000,5,8.828717505113797
01 Jan 2026 21:48:00.000,5,8.842452771153965
01 Jan 2026 21:49:00.000,5,8.860885662499356
01 Jan 2026 21:50:00.000,5,8.884043902334081
01 Jan 2026 21:51:00.000,5,8.911969515530233
01 Jan 2026 21:52:00.000,5,8.94471878583821
01 Jan 2026 21:53:00.000,5,8.982362304362917
01 Jan 2026 21:54:00.000,5,9.02498514459263
01 Jan 2026 21:55:00.000,5,9.072687115483614
01 Jan 2026 21:56:00.000,5,9.125583129291206
01 Jan 2026 21:57:00.000,5,9.18380363732759
01 Jan 2026 21:58:00.000,5,9.24749517014317
01 Jan 2026 21:59:00.000,5,9.316820935214983
01 Jan 2026 22:00:00.000,5,9.391961506580705
01 Jan 2026 22:01:00.000,5,9.473115557183014
01 Jan 2026 22:02:00.000,4,47.829461522621536
01 Jan 2026 22:03:00.000,4,45.214421606438414
01 Jan 2026 22:04:00.000,4,42.85936336608563
01 Jan 2026 22:05:00.000,4,40.729914340968186
01 Jan 2026 22:06:00.000,4,38.79746499320491
01 Jan 2026 22:07:00.000,4,37.03802142831515
01 Jan 2026 22:08:00.000,4,35.43132136953974
01 Jan 2026 22:09:00.000,4,33.9601455601392
01 Jan 2026 22:10:00.000,4,32.60977613890652
01 Jan 2026 22:11:00.000,4,31.36756668842347
01 Jan 2026 22:12:00.000,4,30.222598118139427
01 Jan 2026 22:13:00.000,4,29.16540107106697
01 Jan 2026 22:14:00.000,4,28.187730434770536
01 Jan 2026 22:15:00.000,4,27.282380932878784
01 Jan 2026 22:16:00.000,4,26.443035428411232
01 Jan 2026 22:17:00.000,4,25.664139411440832
01 Jan 2026 22:18:00.000,4,24.940796646381354
01 Jan 2026 22:19:00.000,4,24.268681989848616
01 Jan 2026 22:20:00.000,4,23.643968271985567
01 Jan 2026 22:21:00.000,4,23.06326473752383
01 Jan 2026 22:22:00.000,4,22.52356507497012
01 Jan 2026 22:23:00.000,4,22.022203428845813
01 Jan 2026 22:24:00.000,4,21.556817115942277
01 Jan 2026 22:25:00.000,4,21.125315001091007
01 Jan 2026 22:26:00.000,4,20.725850688234583
01 Jan 2026 22:27:00.000,4,20.35679984347885
01 Jan 2026 22:28:00.000,4,20.016741087050097
01 Jan 2026 22:29:00.000,4,19.704440012027145
01 Jan 2026 22:30:00.000,4,19.41883595544999
01 Jan 2026 22:31:00.000,4,19.159031248491882
01 Jan 2026 22:32:00.000,4,18.924282704367716
01 Jan 2026 22:33:00.000,4,18.71399519732153
01 Jan 2026 22:34:00.000,4,18.527717192953347
01 Jan 2026 22:35:00.000,4,18.365138187809805
01 Jan 2026 22:36:00.000,4,18.226088006472136
01 Jan 2026 22:37:00.000,4,18.110538012487446
01 Jan 2026 22:38:00.000,4,18.018604270473023
01 Jan 2026 22:39:00.000,4,17.950552823730042
01 Jan 2026 22:40:00.000,4,17.906807231189745
01 Jan 2026 22:41:00.000,4,17.8879586640316
01 Jan 2026 22:42:00.000,3,
01 Jan 2026 22:43:00.000,3,
01 Jan 2026 22:44:00.000,3,
01 Jan 2026 22:45:00.000,2,
01 Jan 2026 22:46:00.000,2,
01 Jan 2026 22:47:00.000,2,
01 Jan 2026 22:48:00.000,2,
01 Jan 2026 22:49:00.000,2,
01 Jan 2026 22:50:00.000,2,
01 Jan 2026 22:51:00.000,2,
01 Jan 2026 22:52:00.000,2,
01 Jan 2026 22:53:00.000,1,
01 Jan 2026 22:54:00.000,1,
01 Jan 2026 22:55:00.000,1,
01 Jan 2026 22:56:00.000,1,
01 Jan 2026 22:57:00.000,1,
01 Jan 2026 22:58:00.000,1,
01 Jan 2026 22:59:00.000,1,
01 Jan 2026 23:00:00.000,1,
01 Jan 2026 23:01:00.000,1,
01 Jan 2026 23:02:00.000,1,
01 Jan 2026 23:03:00.000,1,
01 Jan 2026 23:04:00.000,1,
01 Jan 2026 23:05:00.000,1,
01 Jan 2026 23:06:00.000,1,
01 Jan 2026 23:07:00.000,1,
01 Jan 2026 23:08:00.000,1,
01 Jan 2026 23:09:00.000,1,
01 Jan 2026 23:10:00.000,1,
01 Jan 2026 23:11:00.000,1,
01 Jan 2026 23:12:00.000,1,
01 Jan 2026 23:13:00.000,1,
01 Jan 2026 23:14:00.000,1,
01 Jan 2026 23:15:00.000,1,
01 Jan 2026 23:16:00.000,0,
01 Jan 2026 23:17:00.000,0,
01 Jan 2026 23:18:00.000,0,
01 Jan 2026 23:19:00.000,0,
01 Jan 2026 23:20:00.000,0,
01 Jan 2026 23:21:00.000,0,
01 Jan 2026 23:22:00.000,0,
01 Jan 2026 23:23:00.000,0,
01 Jan 2026 23:24:00.000,0,
01 Jan 2026 23:25:00.000,0,
01 Jan 2026 23:26:00.000,0,
01 Jan 2026 23:27:00.000,0,
01 Jan 2026 23:28:00.000,0,
01 Jan 2026 23:29:00.000,0,
01 Jan 2026 23:30:00.000,0,
01 Jan 2026 23:31:00.000,0,
01 Jan 2026 23:32:00.000,0,
01 Jan 2026 23:33:00.000,0,
01 Jan 2026 23:34:00.000,0,
01 Jan 2026 23:35:00.000,0,
01 Jan 2026 23:36:00.000,0,
01 Jan 2026 23:37:00.000,0,
01 Jan 2026 23:38:00.000,0,
01 Jan 2026 23:39:00.000,0,
01 Jan 2026 23:40:00.000,0,
01 Jan 2026 23:41:00.000,0,
01 Jan 2026 23:42:00.000,0,
01 Jan 2026 23:43:00.000,0,
01 Jan 2026 23:44:00.000,0,
01 Jan 2026 23:45:00.000,0,
01 Jan 2026 23:46:00.000,0,
01 Jan 2026 23:47:00.000,0,
01 Jan 2026 23:48:00.000,0,
01 Jan 2026 23:49:00.000,0,
01 Jan 2026 23:50:00.000,0,
01 Jan 2026 23:51:00.000,0,
01 Jan 2026 23:52:00.000,0,
01 Jan 2026 23:53:00.000,0,
01 Jan 2026 23:54:00.000,0,
01 Jan 2026 23:55:00.000,0,
01 Jan 2026 23:56:00.000,0,
01 Jan 2026 23:57:00.000,0,
01 Jan 2026 23:58:00.000,0,
01 Jan 2026 23:59:00.000,0,
02 Jan 2026 00:00:00.000,0,
